-- phpMyAdmin SQL Dump
-- version 4.6.6deb5
-- https://www.phpmyadmin.net/
--
-- Host: localhost:3306
-- Generation Time: Apr 21, 2019 at 12:50 PM
-- Server version: 10.1.37-MariaDB-3
-- PHP Version: 7.2.9-1

SET SQL_MODE = "NO_AUTO_VALUE_ON_ZERO";
SET time_zone = "+00:00";


/*!40101 SET @OLD_CHARACTER_SET_CLIENT=@@CHARACTER_SET_CLIENT */;
/*!40101 SET @OLD_CHARACTER_SET_RESULTS=@@CHARACTER_SET_RESULTS */;
/*!40101 SET @OLD_COLLATION_CONNECTION=@@COLLATION_CONNECTION */;
/*!40101 SET NAMES utf8mb4 */;

--
-- Database: `exel`
--
CREATE DATABASE IF NOT EXISTS `exel` DEFAULT CHARACTER SET utf8mb4 COLLATE utf8mb4_general_ci;
USE `exel`;

-- --------------------------------------------------------

--
-- Table structure for table `dosyalar`
--

CREATE TABLE `dosyalar` (
  `id` int(11) NOT NULL,
  `ad` varchar(50) NOT NULL,
  `son_sayfa` int(11) NOT NULL,
  `son_satir` int(11) NOT NULL,
  `son_sutun` int(11) NOT NULL,
  `son_hucre` int(11) NOT NULL
) ENGINE=InnoDB DEFAULT CHARSET=utf8mb4;

--
-- Dumping data for table `dosyalar`
--

INSERT INTO `dosyalar` (`id`, `ad`, `son_sayfa`, `son_satir`, `son_sutun`, `son_hucre`) VALUES
(22, 'bunyamin', 70, 7, 6, 814),
(25, 'asdfdd', 72, 8, 3, 1021);

-- --------------------------------------------------------

--
-- Table structure for table `hucreler`
--

CREATE TABLE `hucreler` (
  `id` int(11) NOT NULL,
  `deger` varchar(50) NOT NULL,
  `satir` int(11) NOT NULL,
  `sutun` int(11) NOT NULL,
  `sayfa_id` int(11) NOT NULL
) ENGINE=InnoDB DEFAULT CHARSET=utf8mb4;

--
-- Dumping data for table `hucreler`
--

INSERT INTO `hucreler` (`id`, `deger`, `satir`, `sutun`, `sayfa_id`) VALUES
(489, '', 1, 1, 62),
(490, 'hh', 1, 2, 62),
(491, 'hh', 2, 1, 62),
(492, '', 2, 2, 62),
(499, 'r', 1, 1, 61),
(503, 'r', 1, 2, 61),
(504, '', 2, 3, 62),
(505, '', 1, 3, 62),
(518, '', 2, 1, 61),
(519, '', 2, 2, 61),
(520, '', 3, 1, 61),
(521, '', 3, 2, 61),
(522, '', 4, 1, 61),
(523, '', 4, 2, 61),
(524, '', 1, 3, 61),
(525, '', 2, 3, 61),
(526, '', 3, 3, 61),
(527, '', 4, 3, 61),
(528, '', 1, 4, 61),
(529, '', 2, 4, 61),
(530, '', 3, 4, 61),
(531, '', 4, 4, 61),
(532, '', 1, 5, 61),
(533, '', 2, 5, 61),
(534, '', 3, 5, 61),
(535, '', 4, 5, 61),
(540, '', 1, 6, 61),
(541, '', 2, 6, 61),
(542, '', 3, 6, 61),
(543, '', 4, 6, 61),
(547, '', 1, 1, 66),
(649, '', 1, 1, 69),
(650, '', 1, 2, 69),
(651, '', 1, 3, 69),
(652, '', 1, 4, 69),
(653, '', 1, 5, 69),
(654, '', 1, 6, 69),
(655, '', 1, 7, 69),
(656, '', 1, 8, 69),
(657, '', 1, 9, 69),
(658, '', 1, 10, 69),
(659, '', 2, 1, 69),
(660, '', 2, 2, 69),
(661, '', 2, 3, 69),
(662, '', 2, 4, 69),
(663, '', 2, 5, 69),
(664, '', 2, 6, 69),
(665, '', 2, 7, 69),
(666, '', 2, 8, 69),
(667, '', 2, 9, 69),
(668, '', 2, 10, 69),
(669, '', 3, 1, 69),
(670, '', 3, 2, 69),
(671, '', 3, 3, 69),
(672, '', 3, 4, 69),
(673, '', 3, 5, 69),
(674, '', 3, 6, 69),
(675, '', 3, 7, 69),
(676, '', 3, 8, 69),
(677, '', 3, 9, 69),
(678, '', 3, 10, 69),
(679, '', 4, 1, 69),
(680, '', 4, 2, 69),
(681, '', 4, 3, 69),
(682, '', 4, 4, 69),
(683, '', 4, 5, 69),
(684, '', 4, 6, 69),
(685, '', 4, 7, 69),
(686, '', 4, 8, 69),
(687, '', 4, 9, 69),
(688, '', 4, 10, 69),
(689, '', 5, 1, 69),
(690, '', 5, 2, 69),
(691, '', 5, 3, 69),
(692, '', 5, 4, 69),
(693, '', 5, 5, 69),
(694, '', 5, 6, 69),
(695, '', 5, 7, 69),
(696, '', 5, 8, 69),
(697, '', 5, 9, 69),
(698, '', 5, 10, 69),
(699, '', 6, 1, 69),
(700, '', 6, 2, 69),
(701, '', 6, 3, 69),
(702, '', 6, 4, 69),
(703, '', 6, 5, 69),
(704, '', 6, 6, 69),
(705, '', 6, 7, 69),
(706, '', 6, 8, 69),
(707, '', 6, 9, 69),
(708, '', 6, 10, 69),
(709, '', 7, 1, 69),
(710, '', 7, 2, 69),
(711, '', 7, 3, 69),
(712, '', 7, 4, 69),
(713, '', 7, 5, 69),
(714, '', 7, 6, 69),
(715, '', 7, 7, 69),
(716, '', 7, 8, 69),
(717, '', 7, 9, 69),
(718, '', 7, 10, 69),
(719, '', 8, 1, 69),
(720, '', 8, 2, 69),
(721, '', 8, 3, 69),
(722, '', 8, 4, 69),
(723, '', 8, 5, 69),
(724, '', 8, 6, 69),
(725, '', 8, 7, 69),
(726, '', 8, 8, 69),
(727, '', 8, 9, 69),
(728, '', 8, 10, 69),
(729, '', 9, 1, 69),
(730, '', 9, 2, 69),
(731, '', 9, 3, 69),
(732, '', 9, 4, 69),
(733, '', 9, 5, 69),
(734, '', 9, 6, 69),
(735, '', 9, 7, 69),
(736, '', 9, 8, 69),
(737, '', 9, 9, 69),
(738, '', 9, 10, 69),
(739, '', 10, 1, 69),
(740, '', 10, 2, 69),
(741, '', 10, 3, 69),
(742, '', 10, 4, 69),
(743, '', 10, 5, 69),
(744, '', 10, 6, 69),
(745, '', 10, 7, 69),
(746, '', 10, 8, 69),
(747, '', 10, 9, 69),
(748, '', 10, 10, 69),
(749, '', 1, 1, 70),
(750, '', 1, 2, 70),
(751, '', 1, 3, 70),
(752, '', 1, 4, 70),
(753, '', 1, 5, 70),
(754, '', 1, 6, 70),
(755, '', 1, 7, 70),
(756, '', 1, 8, 70),
(757, '', 1, 9, 70),
(758, '', 1, 10, 70),
(759, '', 2, 1, 70),
(760, '', 2, 2, 70),
(761, '', 2, 3, 70),
(762, '', 2, 4, 70),
(763, '', 2, 5, 70),
(764, '', 2, 6, 70),
(765, '', 2, 7, 70),
(766, '', 2, 8, 70),
(767, '', 2, 9, 70),
(768, '', 2, 10, 70),
(769, '', 3, 1, 70),
(770, '', 3, 2, 70),
(771, '', 3, 3, 70),
(772, '', 3, 4, 70),
(773, '', 3, 5, 70),
(774, '', 3, 6, 70),
(775, '', 3, 7, 70),
(776, '', 3, 8, 70),
(777, '', 3, 9, 70),
(778, '', 3, 10, 70),
(779, '', 4, 1, 70),
(780, '', 4, 2, 70),
(781, '', 4, 3, 70),
(782, '', 4, 4, 70),
(783, '', 4, 5, 70),
(784, '', 4, 6, 70),
(785, '', 4, 7, 70),
(786, '', 4, 8, 70),
(787, '', 4, 9, 70),
(788, '', 4, 10, 70),
(789, '', 5, 1, 70),
(790, '', 5, 2, 70),
(791, '', 5, 3, 70),
(792, '', 5, 4, 70),
(793, '', 5, 5, 70),
(794, '', 5, 6, 70),
(795, '', 5, 7, 70),
(796, '', 5, 8, 70),
(797, '', 5, 9, 70),
(798, '', 5, 10, 70),
(799, '', 6, 1, 70),
(800, '', 6, 2, 70),
(801, '', 6, 3, 70),
(802, '', 6, 4, 70),
(803, '', 6, 5, 70),
(804, '', 6, 6, 70),
(805, '', 6, 7, 70),
(806, '', 6, 8, 70),
(807, '', 6, 9, 70),
(808, '', 6, 10, 70),
(809, '', 7, 1, 70),
(810, '', 7, 2, 70),
(811, '', 7, 3, 70),
(812, '', 7, 4, 70),
(813, '', 7, 5, 70),
(814, '', 7, 6, 70),
(815, '', 7, 7, 70),
(816, '', 7, 8, 70),
(817, '', 7, 9, 70),
(818, '', 7, 10, 70),
(819, '', 8, 1, 70),
(820, '', 8, 2, 70),
(821, '', 8, 3, 70),
(822, '', 8, 4, 70),
(823, '', 8, 5, 70),
(824, '', 8, 6, 70),
(825, '', 8, 7, 70),
(826, '', 8, 8, 70),
(827, '', 8, 9, 70),
(828, '', 8, 10, 70),
(829, '', 9, 1, 70),
(830, '', 9, 2, 70),
(831, '', 9, 3, 70),
(832, '', 9, 4, 70),
(833, '', 9, 5, 70),
(834, '', 9, 6, 70),
(835, '', 9, 7, 70),
(836, '', 9, 8, 70),
(837, '', 9, 9, 70),
(838, '', 9, 10, 70),
(839, '', 10, 1, 70),
(840, '', 10, 2, 70),
(841, '', 10, 3, 70),
(842, '', 10, 4, 70),
(843, '', 10, 5, 70),
(844, '', 10, 6, 70),
(845, '', 10, 7, 70),
(846, '', 10, 8, 70),
(847, '', 10, 9, 70),
(848, '', 10, 10, 70),
(849, '', 1, 1, 71),
(850, '', 1, 2, 71),
(851, '', 1, 3, 71),
(852, '', 1, 4, 71),
(853, '', 1, 5, 71),
(854, '', 1, 6, 71),
(855, '', 1, 7, 71),
(856, '', 1, 8, 71),
(857, '', 1, 9, 71),
(858, '', 1, 10, 71),
(859, '', 2, 1, 71),
(860, '', 2, 2, 71),
(861, '', 2, 3, 71),
(862, '', 2, 4, 71),
(863, '', 2, 5, 71),
(864, '', 2, 6, 71),
(865, '', 2, 7, 71),
(866, '', 2, 8, 71),
(867, '', 2, 9, 71),
(868, '', 2, 10, 71),
(869, '', 3, 1, 71),
(870, '', 3, 2, 71),
(871, '', 3, 3, 71),
(872, '', 3, 4, 71),
(873, '', 3, 5, 71),
(874, '', 3, 6, 71),
(875, '', 3, 7, 71),
(876, '', 3, 8, 71),
(877, '', 3, 9, 71),
(878, '', 3, 10, 71),
(879, '', 4, 1, 71),
(880, '', 4, 2, 71),
(881, '', 4, 3, 71),
(882, '', 4, 4, 71),
(883, '', 4, 5, 71),
(884, '', 4, 6, 71),
(885, '', 4, 7, 71),
(886, '', 4, 8, 71),
(887, '', 4, 9, 71),
(888, '', 4, 10, 71),
(889, '', 5, 1, 71),
(890, '', 5, 2, 71),
(891, '', 5, 3, 71),
(892, '', 5, 4, 71),
(893, '', 5, 5, 71),
(894, '', 5, 6, 71),
(895, '', 5, 7, 71),
(896, '', 5, 8, 71),
(897, '', 5, 9, 71),
(898, '', 5, 10, 71),
(899, '', 6, 1, 71),
(900, '', 6, 2, 71),
(901, '', 6, 3, 71),
(902, '', 6, 4, 71),
(903, '', 6, 5, 71),
(904, '', 6, 6, 71),
(905, '', 6, 7, 71),
(906, '', 6, 8, 71),
(907, '', 6, 9, 71),
(908, '', 6, 10, 71),
(909, '', 7, 1, 71),
(910, '', 7, 2, 71),
(911, '', 7, 3, 71),
(912, '', 7, 4, 71),
(913, '', 7, 5, 71),
(914, '', 7, 6, 71),
(915, '', 7, 7, 71),
(916, '', 7, 8, 71),
(917, '', 7, 9, 71),
(918, '', 7, 10, 71),
(919, '', 8, 1, 71),
(920, '', 8, 2, 71),
(921, '', 8, 3, 71),
(922, '', 8, 4, 71),
(923, '', 8, 5, 71),
(924, '', 8, 6, 71),
(925, '', 8, 7, 71),
(926, '', 8, 8, 71),
(927, '', 8, 9, 71),
(928, '', 8, 10, 71),
(929, '', 9, 1, 71),
(930, '', 9, 2, 71),
(931, '', 9, 3, 71),
(932, '', 9, 4, 71),
(933, '', 9, 5, 71),
(934, '', 9, 6, 71),
(935, '', 9, 7, 71),
(936, '', 9, 8, 71),
(937, '', 9, 9, 71),
(938, '', 9, 10, 71),
(939, '', 10, 1, 71),
(940, '', 10, 2, 71),
(941, '', 10, 3, 71),
(942, '', 10, 4, 71),
(943, '', 10, 5, 71),
(944, '', 10, 6, 71),
(945, '', 10, 7, 71),
(946, '', 10, 8, 71),
(947, '', 10, 9, 71),
(948, '', 10, 10, 71),
(949, '', 1, 1, 72),
(950, '', 1, 2, 72),
(951, '', 1, 3, 72),
(952, '', 1, 4, 72),
(953, '', 1, 5, 72),
(954, '', 1, 6, 72),
(955, '', 1, 7, 72),
(956, '', 1, 8, 72),
(957, '', 1, 9, 72),
(958, '', 1, 10, 72),
(959, '', 2, 1, 72),
(960, '', 2, 2, 72),
(961, '', 2, 3, 72),
(962, '', 2, 4, 72),
(963, '', 2, 5, 72),
(964, '', 2, 6, 72),
(965, '', 2, 7, 72),
(966, '', 2, 8, 72),
(967, '', 2, 9, 72),
(968, '', 2, 10, 72),
(969, '', 3, 1, 72),
(970, '', 3, 2, 72),
(971, '', 3, 3, 72),
(972, '', 3, 4, 72),
(973, '', 3, 5, 72),
(974, '', 3, 6, 72),
(975, '', 3, 7, 72),
(976, '', 3, 8, 72),
(977, '', 3, 9, 72),
(978, '', 3, 10, 72),
(979, '', 4, 1, 72),
(980, '', 4, 2, 72),
(981, '', 4, 3, 72),
(982, '', 4, 4, 72),
(983, '', 4, 5, 72),
(984, '', 4, 6, 72),
(985, '', 4, 7, 72),
(986, '', 4, 8, 72),
(987, '', 4, 9, 72),
(988, '', 4, 10, 72),
(989, '', 5, 1, 72),
(990, '', 5, 2, 72),
(991, '', 5, 3, 72),
(992, '', 5, 4, 72),
(993, '', 5, 5, 72),
(994, '', 5, 6, 72),
(995, '', 5, 7, 72),
(996, '', 5, 8, 72),
(997, '', 5, 9, 72),
(998, '', 5, 10, 72),
(999, '', 6, 1, 72),
(1000, '', 6, 2, 72),
(1001, '', 6, 3, 72),
(1002, '', 6, 4, 72),
(1003, '', 6, 5, 72),
(1004, '', 6, 6, 72),
(1005, '', 6, 7, 72),
(1006, '', 6, 8, 72),
(1007, '', 6, 9, 72),
(1008, '', 6, 10, 72),
(1009, '', 7, 1, 72),
(1010, '', 7, 2, 72),
(1011, '', 7, 3, 72),
(1012, '', 7, 4, 72),
(1013, '', 7, 5, 72),
(1014, '', 7, 6, 72),
(1015, '', 7, 7, 72),
(1016, '', 7, 8, 72),
(1017, '', 7, 9, 72),
(1018, '', 7, 10, 72),
(1019, '', 8, 1, 72),
(1020, '', 8, 2, 72),
(1021, '', 8, 3, 72),
(1022, '', 8, 4, 72),
(1023, '', 8, 5, 72),
(1024, '', 8, 6, 72),
(1025, '', 8, 7, 72),
(1026, '', 8, 8, 72),
(1027, '', 8, 9, 72),
(1028, '', 8, 10, 72),
(1029, '', 9, 1, 72),
(1030, '', 9, 2, 72),
(1031, '', 9, 3, 72),
(1032, '', 9, 4, 72),
(1033, '', 9, 5, 72),
(1034, '', 9, 6, 72),
(1035, '', 9, 7, 72),
(1036, '', 9, 8, 72),
(1037, '', 9, 9, 72),
(1038, '', 9, 10, 72),
(1039, '', 10, 1, 72),
(1040, '', 10, 2, 72),
(1041, '', 10, 3, 72),
(1042, '', 10, 4, 72),
(1043, '', 10, 5, 72),
(1044, '', 10, 6, 72),
(1045, '', 10, 7, 72),
(1046, '', 10, 8, 72),
(1047, '', 10, 9, 72),
(1048, '', 10, 10, 72);

-- --------------------------------------------------------

--
-- Table structure for table `sayfalar`
--

CREATE TABLE `sayfalar` (
  `id` int(11) NOT NULL,
  `ad` varchar(50) NOT NULL,
  `dosya_id` int(11) NOT NULL
) ENGINE=InnoDB DEFAULT CHARSET=utf8mb4;

--
-- Dumping data for table `sayfalar`
--

INSERT INTO `sayfalar` (`id`, `ad`, `dosya_id`) VALUES
(61, 'sayfaa', 22),
(62, 'asdf', 22),
(66, 'sayfaa', 25),
(69, 'sayfa', 22),
(70, 'sayfa', 22),
(71, 'sayfa', 22),
(72, 'sayfa', 25);

--
-- Indexes for dumped tables
--

--
-- Indexes for table `dosyalar`
--
ALTER TABLE `dosyalar`
  ADD PRIMARY KEY (`id`);

--
-- Indexes for table `hucreler`
--
ALTER TABLE `hucreler`
  ADD PRIMARY KEY (`id`),
  ADD KEY `FOREIGN_S` (`sayfa_id`) USING BTREE;

--
-- Indexes for table `sayfalar`
--
ALTER TABLE `sayfalar`
  ADD PRIMARY KEY (`id`),
  ADD KEY `FOREIGN_D` (`dosya_id`) USING BTREE;

--
-- AUTO_INCREMENT for dumped tables
--

--
-- AUTO_INCREMENT for table `dosyalar`
--
ALTER TABLE `dosyalar`
  MODIFY `id` int(11) NOT NULL AUTO_INCREMENT, AUTO_INCREMENT=26;
--
-- AUTO_INCREMENT for table `hucreler`
--
ALTER TABLE `hucreler`
  MODIFY `id` int(11) NOT NULL AUTO_INCREMENT, AUTO_INCREMENT=1049;
--
-- AUTO_INCREMENT for table `sayfalar`
--
ALTER TABLE `sayfalar`
  MODIFY `id` int(11) NOT NULL AUTO_INCREMENT, AUTO_INCREMENT=73;
--
-- Constraints for dumped tables
--

--
-- Constraints for table `hucreler`
--
ALTER TABLE `hucreler`
  ADD CONSTRAINT `FOREIGNH` FOREIGN KEY (`sayfa_id`) REFERENCES `sayfalar` (`id`) ON DELETE CASCADE;

--
-- Constraints for table `sayfalar`
--
ALTER TABLE `sayfalar`
  ADD CONSTRAINT `FOREIGN` FOREIGN KEY (`dosya_id`) REFERENCES `dosyalar` (`id`) ON DELETE CASCADE;

/*!40101 SET CHARACTER_SET_CLIENT=@OLD_CHARACTER_SET_CLIENT */;
/*!40101 SET CHARACTER_SET_RESULTS=@OLD_CHARACTER_SET_RESULTS */;
/*!40101 SET COLLATION_CONNECTION=@OLD_COLLATION_CONNECTION */;
